tenant,purchaseIssueId
th205,329266
th224,709974
th224,710905
th224,712197
th224,712217
th224,717863
th224,726946
th224,729696
th224,730509
th224,732734
th224,732751
th224,732876
th224,766760
th224,766762
th224,766906
th224,767605
th224,773325
th224,773362
th224,773363
th224,773364
th224,773365
th224,773367
th224,773368
th224,773369
th224,773370
th224,773378
th224,773380
th224,773603
th224,773605
th224,773608
th224,773617
th224,773800
th224,773801
th224,773802
th224,773803
th224,773804
th224,773805
th224,773849
th224,776453
th224,776459
th224,778410
th224,780156
th224,780799
th224,780861
th224,780875
th224,781097
th224,781101
th224,781149
th224,781186
th224,781255
th224,791737
th224,794574
th224,794575
th224,794732
th224,794876
th224,796127
th224,796135
th224,796141
th224,796147
th224,796152
th224,796154
th224,796155
th224,796159
th224,796160
th224,796164
th224,796168
th224,796171
th224,796175
th224,796179
th224,796183
th224,796187
th224,796190
th224,796194
th224,796198
th224,796201
th224,796204
th224,796207
th224,796210
th224,796212
th224,796216
th224,796219
th224,796222
th224,796226
th224,796229
th224,796231
th224,796233
th224,796241
th224,796244
th224,796246
th224,796248
th224,796249
th224,796250
th224,796252
th224,796253
th224,796254
th224,796255
th224,796256
th224,796257
th224,796258
th224,796259
th224,796260
th224,796261
th224,796262
th224,796276
th224,796277
th224,796284
th224,796285
th224,796286
th224,796287
th224,796422
th224,796428
th224,796435
th224,796440
th224,796441
th224,796442
th224,796443
th224,796444
th224,796445
th224,796446
th224,796448
th224,796449
th224,796450
th224,796451
th224,796452
th224,796453
th224,796454
th224,796455
th224,796456
th224,796457
th224,796458
th224,796459
th224,796460
th224,796462
th224,796463
th224,796465
th224,796466
th224,796469
th224,796470
th224,796471
th224,796474
th224,796475
th224,796477
th224,796478
th224,796483
th224,796485
th224,796487
th224,796488
th224,796489
th224,796490
th224,796491
th224,796492
th224,796493
th224,796494
th224,796495
th224,796496
th224,796497
th224,796498
th224,796499
th224,796500
th224,796501
th224,796502
th224,796503
th224,796504
th224,796505
th224,796506
th224,796507
th224,796508
th224,796509
th224,796510
th224,796511
th224,796512
th224,796513
th224,796514
th224,796515
th224,796516
th224,796517
th224,796518
th224,796519
th224,796520
th224,796521
th224,796522
th224,796523
th224,796524
th224,796525
th224,796526
th224,796527
th224,796528
th224,796529
th224,796530
th224,796531
th224,796532
th224,796533
th224,796534
th224,796535
th224,796536
th224,796537
th224,796538
th224,796539
th224,796540
th224,796541
th224,796542
th224,796543
th224,796544
th224,796545
th224,796546
th224,796547
th224,796548
th224,796549
th224,796550
th224,796551
th224,796552
th224,796553
th224,796554
th224,796555
th224,796556
th224,796557
th224,796558
th224,796559
th224,796560
th224,796561
th224,796562
th224,796563
th224,796564
th224,796565
th224,796566
th224,796567
th224,796568
th224,796569
th224,796570
th224,796571
th224,796572
th224,796573
th224,796574
th224,796575
th224,796576
th224,796577
th224,796578
th224,796579
th224,796580
th224,796581
th224,796582
th224,796583
th224,796584
th224,796585
th224,796586
th224,796587
th224,796588
th224,796589
th224,796591
th224,796592
th224,796593
th224,796594
th224,796595
th224,796596
th224,796597
th224,796598
th224,796599
th224,796600
th224,796601
th224,796602
th224,796603
th224,796604
th224,796605
th224,796606
th224,796607
th224,796608
th224,796609
th224,796610
th224,796611
th224,796612
th224,796613
th224,796616
th224,796617
th224,796618
th224,796619
th224,796620
th224,796621
th224,796622
th224,796623
th224,796624
th224,796625
th224,796626
th224,796627
th224,796628
th224,796629
th224,796630
th224,796631
th224,796632
th224,796633
th224,796634
th224,796635
th224,796636
th224,796637
th224,796638
th224,796639
th224,796640
th224,796641
th224,796642
th224,796643
th224,796644
th224,796645
th224,796646
th224,796647
th224,796648
th224,796649
th224,796650
th224,796651
th224,796652
th224,796653
th224,796654
th224,796655
th224,796656
th224,796657
th224,796658
th224,796659
th224,796660
th224,796661
th224,796668
th224,796670
th224,796671
th224,796672
th224,796673
th224,796674
th224,796675
th224,796676
th224,796677
th224,796678
th224,796679
th224,796680
th224,796681
th224,796682
th224,796683
th224,796684
th224,796685
th224,796686
th224,796687
th224,796688
th224,796689
th224,796690
th224,796691
th224,796692
th224,796693
th224,796694
th224,796695
th224,796696
th224,796697
th224,796698
th224,796699
th224,796700
th224,796701
th224,796702
th224,796703
th224,796704
th224,796705
th224,796706
th224,796707
th224,796708
th224,796709
th224,796710
th224,796711
th224,796712
th224,796713
th224,796723
th224,796724
th224,796731
th224,796732
th224,796859
th224,796861
th224,796887
th224,796903
th224,796966
th224,796968
th224,797018
th224,797022
th224,797024
th224,797026
th224,797027
th224,797028
th224,797029
th224,797030
th224,797031
th224,797032
th224,797033
th224,797034
th224,797035
th224,797036
th224,797037
th224,797038
th224,797039
th224,797040
th224,797041
th224,797042
th224,797043
th224,797044
th224,797045
th224,797046
th224,797047
th224,797048
th224,797049
th224,797050
th224,797051
th224,797052
th224,797053
th224,797054
th224,797055
th224,797056
th224,797057
th224,797058
th224,797059
th224,797060
th224,797061
th224,797062
th224,797063
th224,797064
th224,797065
th224,797066
th224,797067
th224,797068
th224,797069
th224,797070
th224,797071
th224,797072
th224,797073
th224,797075
th224,797076
th224,797077
th224,797078
th224,797079
th224,797080
th224,797081
th224,797082
th224,797083
th224,797084
th224,797085
th224,797086
th224,797087
th224,797088
th224,797089
th224,797090
th224,797091
th224,797092
th224,797093
th224,797094
th224,797095
th224,797096
th224,797097
th224,797098
th224,797099
th224,797100
th224,797101
th224,797102
th224,797103
th224,797104
th224,797105
th224,797106
th224,797107
th224,797108
th224,797124
th224,797360
th224,797365
th224,797466
th224,797690
th224,797691
th224,797692
th224,797693
th224,797695
th224,797696
th224,797698
th224,797699
th224,797700
th224,797701
th224,797702
th224,797703
th224,797705
th224,797706
th224,797708
th224,797709
th224,797710
th224,797712
th224,797713
th224,797714
th224,797715
th224,797716
th224,797717
th224,797718
th224,797719
th224,797720
th224,797721
th224,797722
th224,797723
th224,797725
th224,797728
th224,797730
th224,797732
th224,797734
th224,797736
th224,797737
th224,797740
th224,797742
th224,797744
th224,797746
th224,797748
th224,797750
th224,797752
th224,797753
th224,797791
th224,797793
th224,797794
th224,797795
th224,797796
th224,797797
th224,797798
th224,797799
th224,797800
th224,797801
th224,797802
th224,797803
th224,797804
th224,797805
th224,797806
th224,797807
th224,797808
th224,797809
th224,797810
th224,797811
th224,797812
th224,797813
th224,797814
th224,797815
th224,797816
th224,797817
th224,797818
th224,797819
th224,797820
th224,797821
th224,797822
th224,797823
th224,797824
th224,797825
th224,797826
th224,797827
th224,797828
th224,797829
th224,797830
th224,797831
th224,797832
th224,797833
th224,797834
th224,797835
th224,797836
th224,797837
th224,797838
th224,797839
th224,797840
th224,797841
th224,797842
th224,797843
th224,797844
th224,797845
th224,797846
th224,798202
th224,798205
th224,798208
th224,798947
th224,798950
th224,799013
th224,799268
th224,799315
th224,799563
th224,799856
th224,800193
th224,800195
th224,800197
th224,800198
th224,800201
th224,800204
th224,800206
th224,800208
th224,800210
th224,800211
th224,800213
th224,800215
th224,800216
th224,800218
th224,800220
th224,800223
th224,800227
th224,800230
th224,800239
th224,800242
th224,800244
th224,800246
th224,800631
th224,800694
th224,800748
th224,800830
th224,800854
th224,801036
th224,801040
th224,801131
th224,801163
th224,801216
th224,801219
th224,801220
th224,801221
th224,801223
th224,801258
th224,801291
th224,801294
th224,801323
th224,801349
th224,801359
th224,801360
th224,801513
th224,801526
th224,801529
th224,801532
th224,801533
th224,801541
th224,801543
th224,801544
th224,801546
th224,801547
th224,801552
th224,801555
th224,801562
th224,801563
th224,801569
th224,801573
th224,801577
th224,801580
th224,801583
th224,801584
th224,801588
th224,801590
th224,801593
th224,801596
th224,801612
th224,801642
th224,801643
th224,801644
th224,801645
th224,801647
th224,801648
th224,801650
th224,801652
th224,801653
th224,801654
th224,801657
th224,801660
th224,801665
th224,801666
th224,801667
th224,801668
th224,801670
th224,801671
th224,801672
th224,801673
th224,801675
th224,801676
th224,801677
th224,801678
th224,801679
th224,801680
th224,801681
th224,801682
th224,801683
th224,801685
th224,801699
th224,801700
th224,801703
th224,801704
th224,801705
th224,801707
th224,801708
th224,801852
th224,801854
th224,801861
th224,801890
th224,801952
th224,801966
th224,801967
th224,801971
th224,801979
th224,801986
th224,801987
th224,802002
th224,802003
th224,802004
th224,802006
th224,802008
th224,802011
th224,802128
th224,802132
th224,802141
th224,802151
th224,802158
th224,802166
th224,802169
th224,802171
th224,802172
th224,802173
th224,802175
th224,802176
th224,802177
th224,802178
th224,802179
th224,802180
th224,802181
th224,802182
th224,802184
th224,802185
th224,802186
th224,802188
th224,802190
th224,802191
th224,802192
th224,802195
th224,802197
th224,802198
th224,802201
th224,802202
th224,802205
th224,802206
th224,802207
th224,802210
th224,802213
th224,802214
th224,802217
th224,802218
th224,802222
th224,802224
th224,802226
th224,802228
th224,802232
th224,802234
th224,802235
th224,802237
th224,802238
th224,802240
th224,802242
th224,802243
th224,802244
th224,802245
th224,802246
th224,802248
th224,802250
th224,802251
th224,802252
th224,802253
th224,802254
th224,802257
th224,802258
th224,802259
th224,802262
th224,802263
th224,802264
th224,802265
th224,802266
th224,802267
th224,802268
th224,802269
th224,802270
th224,802271
th224,802272
th224,802273
th224,802274
th224,802275
th224,802276
th224,802277
th224,802278
th224,802279
th224,802280
th224,802281
th224,802282
th224,802283
th224,802284
th224,802285
th224,802286
th224,802287
th224,802292
th224,802295
th224,802297
th224,802304
th224,802312
th224,802313
th224,802314
th224,802315
th224,802316
th224,802317
th224,802318
th224,802319
th224,802320
th224,802323
th224,802324
th224,802325
th224,802326
th224,802327
th224,802328
th224,802329
th224,802330
th224,802331
th224,802332
th224,802334
th224,802335
th224,802336
th224,802337
th224,802338
th224,802339
th224,802340
th224,802341
th224,802343
th224,802344
th224,802345
th224,802346
th224,802347
th224,802348
th224,802349
th224,802350
th224,802351
th224,802357
th224,802358
th224,802361
th224,802362
th224,802363
th224,802365
th224,802366
th224,802368
th224,802369
th224,802373
th224,802374
th224,802375
th224,802377
th224,802378
th224,802379
th224,802380
th224,802381
th224,802382
th224,802384
th224,802386
th224,802388
th224,802392
th224,802393
th224,802401
th224,802403
th224,802406
th224,802407
th224,802408
th224,802410
th224,802411
th224,802412
th224,802413
th224,802414
th224,802415
th224,802416
th224,802417
th224,802418
th224,802419
th224,802420
th224,802422
th224,802423
th224,802424
th224,802425
th224,802426
th224,802427
th224,802428
th224,802429
th224,802430
th224,802431
th224,802433
th224,802435
th224,802437
th224,802439
th224,802440
th224,802441
th224,802443
th224,802445
th224,802452
th224,802453
th224,802454
th224,802455
th224,802456
th224,802457
th224,802460
th224,802462
th224,802464
th224,802465
th224,802466
th224,802467
th224,802468
th224,802469
th224,802471
th224,802472
th224,802474
th224,802477
th224,802478
th224,802479
th224,802480
th224,802481
th224,802482
th224,802483
th224,802485
th224,802487
th224,802489
th224,802490
th224,802491
th224,802493
th224,802494
th224,802497
th224,802499
th224,802501
th224,802510
th224,802512
th224,802515
th224,802517
th224,802524
th224,802525
th224,802526
th224,802527
th224,802529
th224,802533
th224,802536
th224,802540
th224,802542
th224,802547
th224,802548
th224,802549
th224,802551
th224,802554
th224,802709
th224,802739
th224,802747
th224,802755
th224,802759
th224,802764
th224,802767
th224,802772
th224,802776
th224,802777
th224,802778
th224,802780
th224,802784
th224,802786
th224,802789
th224,802791
th224,802792
th224,802793
th224,802794
th224,802795
th224,802800
th224,802801
th224,802802
th224,802804
th224,802806
th224,802807
th224,802809
th224,802810
th224,802812
th224,802814
th224,802815
th224,802817
th224,802818
th224,802819
th224,802820
th224,802821
th224,802822
th224,802825
th224,802826
th224,802827
th224,802828
th224,802829
th224,802830
th224,802831
th224,802832
th224,802834
th224,802841
th224,802846
th224,802849
th224,802852
th224,802854
th224,802855
th224,802856
th224,802858
th224,802860
th224,802861
th224,802862
th224,802865
th224,802866
th224,802869
th224,802870
th224,802872
th224,802875
th224,802876
th224,802877
th224,802878
th224,802881
th224,802882
th224,802883
th224,802885
th224,802886
th224,802887
th224,802889
th224,802892
th224,802895
th224,802897
th224,802898
th224,802899
th224,802900
th224,802901
th224,802902
th224,802903
th224,802906
th224,802907
th224,802908
th224,802910
th224,802911
th224,802912
th224,802913
th224,802915
th224,802916
th224,802917
th224,802919
th224,802920
th224,802922
th224,802923
th224,802927
th224,802928
th224,802929
th224,802930
th224,802932
th224,802933
th224,802934
th224,802946
th224,802948
th224,802954
th224,802961
th224,802966
th224,802967
th224,802968
th224,802969
th224,802971
th224,802981
th224,802984
th224,802987
th224,802994
th224,802995
th224,802997
th224,802999
th224,803001
th224,803004
th224,803012
th224,803016
th224,803017
th224,803020
th224,803021
th224,803023
th224,803025
th224,803026
th224,803027
th224,803029
th224,803030
th224,803031
th224,803032
th224,803034
th224,803035
th224,803036
th224,803037
th224,803039
th224,803040
th224,803042
th224,803043
th224,803051
th224,803054
th224,803055
th224,803056
th224,803058
th224,803059
th224,803060
th224,803062
th224,803063
th224,803064
th224,803065
th224,803066
th224,803068
th224,803069
th224,803071
th224,803072
th224,803075
th224,803076
th224,803078
th224,803079
th224,803080
th224,803081
th224,803082
th224,803083
th224,803087
th224,803088
th224,803089
th224,803090
th224,803091
th224,803092
th224,803093
th224,803095
th224,803097
th224,803098
th224,803100
th224,803102
th224,803103
th224,803105
th224,803107
th224,803111
th224,803120
th224,803123
th224,803124
th224,803125
th224,803126
th224,803128
th224,803129
th224,803132
th224,803141
th224,803154
th224,803169
th224,803174
th224,803179
th224,803183
th224,803187
th224,803192
th224,803193
th224,803199
th224,803202
th224,803207
th224,803208
th224,803212
th224,803217
th224,803221
th224,803222
th224,803224
th224,803226
th224,803227
th224,803234
th224,803246
th224,803249
th224,803252
th224,803255
th224,803257
th224,803258
th224,803260
th224,803263
th224,803265
th224,803268
th224,803270
th224,803272
th224,803274
th224,803276
th224,803278
th224,803280
th224,803281
th224,803284
th224,803286
th224,803287
th224,803291
th224,803294
th224,803295
th224,803296
th224,803298
th224,803299
th224,803300
th224,803301
th224,803304
th224,803305
th224,803308
th224,803309
th224,803311
th224,803313
th224,803314
th224,803316
th224,803317
th224,803318
th224,803320
th224,803321
th224,803322
th224,803325
th224,803327
th224,803329
th224,803331
th224,803333
th224,803334
th224,803335
th224,803360
th224,803363
th224,803364
th224,803365
th224,803366
th224,803368
th224,803370
th224,803371
th224,803372
th224,803373
th224,803374
th224,803375
th224,803376
th224,803380
th224,803381
th224,803382
th224,803383
th224,803387
th224,803396
th224,803405
th224,803406
th224,803407
th224,803420
th224,803426
th224,803427
th224,803428
th224,803430
th224,803431
th224,803432
th224,803433
th224,803434
th224,803439
th224,803443
th224,803444
th224,803448
th224,803449
th224,803452
th224,803455
th224,803460
th224,803468
th224,803469
th224,803470
th224,803477
th224,803479
th224,803481
th224,803483
th224,803486
th224,803487
th224,803490
th224,803491
th224,803494
th224,803495
th224,803498
th224,803501
th224,803504
th224,803506
th224,803507
th224,803508
th224,803510
th224,803511
th224,803512
th224,803513
th224,803517
th224,803518
th224,803520
th224,803522
th224,803524
th224,803525
th224,803526
th224,803527
th224,803529
th224,803531
th224,803532
th224,803534
th224,803535
th224,803536
th224,803537
th224,803538
th224,803539
th224,803540
th224,803541
th224,803542
th224,803543
th224,803544
th224,803545
th224,803546
th224,803547
th224,803548
th224,803549
th224,803550
th224,803551
th224,803552
th224,803554
th224,803555
th224,803556
th224,803557
th224,803559
th224,803560
th224,803561
th224,803562
th224,803563
th224,803564
th224,803565
th224,803566
th224,803567
th224,803568
th224,803569
th224,803593
th224,803721
th224,803724
th224,803726
th224,803727
th224,803730
th224,803734
th224,803738
th224,803743
th224,803744
th224,803746
th224,803748
th224,803751
th224,803752
th224,803754
th224,803759
th224,803766
th224,803768
th224,803769
th224,803770
th224,803773
th224,803774
th224,803775
th224,803776
th224,803777
th224,803778
th224,803780
th224,803781
th224,803782
th224,803783
th224,803784
th224,803786
th224,803788
th224,803790
th224,803792
th224,803794
th224,803797
th224,803799
th224,803800
th224,803803
th224,803807
th224,803808
th224,803810
th224,803812
th224,803814
th224,803815
th224,803822
th224,803823
th224,803826
th224,803828
th224,803831
th224,803833
th224,803834
th224,803835
th224,803841
th224,803843
th224,803852
th224,803854
th224,803855
th224,803856
th224,803861
th224,803862
th224,803864
th224,803865
th224,803867
th224,803868
th224,803871
th224,803872
th224,803873
th224,803874
th224,803875
th224,803878
th224,803879
th224,803881
th224,803882
th224,803883
th224,803884
th224,803885
th224,803886
th224,803888
th224,803893
th224,803894
th224,803895
th224,803909
th224,803910
th224,803911
th224,803912
th224,803917
th224,803918
th224,803919
th224,803920
th224,803922
th224,803923
th224,803926
th224,803927
th224,803938
th224,803939
th224,803940
th224,803941
th224,804037
th224,804039
th224,804040
th224,804042
th224,804043
th224,804044
th224,804045
th224,804049
th224,804051
th224,804052
th224,804053
th224,804054
th224,804055
th224,804056
th224,804060
th224,804061
th224,804062
th224,804064
th224,804067
th224,804068
th224,804069
th224,804071
th224,804072
th224,804073
th224,804074
th224,804075
th224,804076
th224,804077
th224,804078
th224,804079
th224,804080
th224,804082
th224,804083
th224,804086
th224,804087
th224,804092
th224,804093
th224,804095
th224,804097
th224,804098
th224,804100
th224,804101
th224,804102
th224,804103
th224,804104
th224,804107
th224,804109
th224,804111
th224,804113
th224,804115
th224,804116
th224,804118
th224,804119
th224,804121
th224,804122
th224,804124
th224,804125
th224,804126
th224,804127
th224,804128
th224,804129
th224,804130
th224,804131
th224,804132
th224,804134
th224,804138
th224,804140
th224,804143
th224,804144
th224,804145
th224,804146
th224,804147
th224,804148
th224,804149
th224,804150
th224,804151
th224,804152
th224,804153
th224,804154
th224,804155
th224,804156
th224,804158
th224,804159
th224,804160
th224,804161
th224,804165
th224,804166
th224,804167
th224,804168
th224,804169
th224,804170
th224,804171
th224,804172
th224,804173
th224,804175
th224,804177
th224,804179
th224,804185
th224,804186
th224,804188
th224,804189
th224,804190
th224,804192
th224,804194
th224,804195
th224,804197
th224,804199
th224,804200
th224,804203
th224,804204
th224,804215
th224,804217
th224,804221
th224,804222
th224,804223
th224,804224
th224,804227
th224,804228
th224,804229
th224,804230
th224,804231
th224,804232
th224,804233
th224,804234
th224,804235
th224,804236
th224,804237
th224,804238
th224,804252
th224,804260
th224,804264
th224,804265
th224,804266
th224,804267
th224,804268
th224,804269
th224,804271
th224,804272
th224,804273
th224,804275
th224,804276
th224,804279
th224,804280
th224,804284
th224,804285
th224,804286
th224,804288
th224,804289
th224,804290
th224,804291
th224,804296
th224,804297
th224,804298
th224,804303
th224,804304
th224,804306
th224,804307
th224,804308
th224,804309
th224,804310
th224,804311
th224,804316
th224,804317
th224,804319
th224,804320
th224,804321
th224,804324
th224,804325
th224,804326
th224,804327
th224,804328
th224,804329
th224,804330
th224,804331
th224,804334
th224,804335
th224,804336
th224,804337
th224,804353
th224,804354
th224,804355
th224,804356
th224,804357
th224,804359
th224,804360
th224,804361
th224,804363
th224,804364
th224,804366
th224,804367
th224,804369
th224,804375
th224,804376
th224,804377
th224,804380
th224,804381
th224,804382
th224,804383
th224,804384
th224,804385
th224,804386
th224,804387
th224,804391
th224,804392
th224,804393
th224,804395
th224,804396
th224,804397
th224,804399
th224,804402
th224,804410
th224,804416
th224,804423
th224,804431
th224,804434
th224,807688
th224,807755
th224,809921
th224,809923
th224,809925
th224,809926
th224,809927
th224,809928
th224,809929
th224,809930
th224,809931
th224,809932
th224,809933
th224,809934
th224,809935
th224,809936
th224,809937
th224,809938
th224,809939
th224,809940
th224,809941
th224,809942
th224,809943
th224,809944
th224,809945
th224,809946
th224,809947
th224,809948
th224,809949
th224,809950
th224,809951
th224,809952
th224,809953
th224,809954
th224,809955
th224,809956
th224,809957
th224,809958
th224,809959
th224,809960
th224,809961
th224,809962
th224,809963
th224,809964
th224,809965
th224,809967
th224,809968
th224,809969
th224,809970
th224,809971
th224,809972
th224,809973
th224,809974
th224,809975
th224,809976
th224,809977
th224,809978
th224,809979
th224,809980
th224,809981
th224,809982
th224,809983
th224,809984
th224,809985
th224,809986
th224,809987
th224,809988
th224,809989
th224,809990
th224,809991
th224,809992
th224,809993
th224,809994
th224,809995
th224,809996
th224,809997
th224,809998
th224,809999
th224,810000
th224,810001
th224,810002
th224,810003
th224,810004
th224,810005
th224,810006
th224,810007
th224,810008
th224,810009
th224,810010
th224,810011
th224,810012
th224,810013
th224,810014
th224,810015
th224,810016
th224,810017
th224,810018
th224,810019
th224,810020
th224,810021
th224,810022
th224,810023
th224,810024
th224,810025
th224,810026
th224,810027
th224,810028
th224,810029
th224,810030
th224,810031
th224,810032
th224,810033
th224,810034
th224,810035
th224,810036
th224,810037
th224,810038
th224,810039
th224,810040
th224,810041
th224,810042
th224,810043
th224,810044
th224,810045
th224,810046
th224,810047
th224,810048
th224,810049
th224,810050
th224,810051
th224,810054
th224,810055
th224,810057
th224,810058
th224,810059
th224,810060
th224,810061
th224,810062
th224,810063
th224,810064
th224,810065
th224,810066
th224,810067
th224,810068
th224,810069
th224,810070
th224,810071
th224,810073
th224,810074
th224,810075
th224,810076
th224,810077
th224,810078
th224,810079
th224,810080
th224,810081
th224,810082
th224,810083
th224,810085
th224,810086
th224,810087
th224,810088
th224,810089
th224,810090
th224,810091
th224,810095
th224,810096
th224,810097
th224,810098
th224,810099
th224,810100
th224,810101
th224,810104
th224,810106
th224,810108
th224,810109
th224,810110
th224,810111
th224,810112
th224,810113
th224,810114
th224,810115
th224,810116
th224,810117
th224,810118
th224,810119
th224,810120
th224,810121
th224,810122
th224,810123
th224,810124
th224,810125
th224,810126
th224,810127
th224,810128
th224,810129
th224,810130
th224,810131
th224,810132
th224,810133
th224,810134
th224,810135
th224,810136
th224,810137
th224,810138
th224,810139
th224,810140
th224,810141
th224,810142
th224,810143
th224,810144
th224,810145
th224,810146
th224,810147
th224,810148
th224,810149
th224,810150
th224,810151
th224,810152
th224,810153
th224,810154
th224,810155
th224,810156
th224,810157
th224,810158
th224,810159
th224,810160
th224,810161
th224,810162
th224,810163
th224,810164
th224,810165
th224,810166
th224,810167
th224,810168
th224,810169
th224,810170
th224,810171
th224,810172
th224,810173
th224,810174
th224,810175
th224,810176
th224,810177
th224,810178
th224,810179
th224,810180
th224,810181
th224,810182
th224,810183
th224,810184
th224,810185
th224,810187
th224,810188
th224,810189
th224,810190
th224,810191
th224,810192
th224,810193
th224,810194
th224,810195
th224,810196
th224,810197
th224,810198
th224,810199
th224,810200
th224,810201
th224,810202
th224,810203
th224,810204
th224,810205
th224,810206
th224,810207
th224,810208
th224,810209
th224,810210
th224,810211
th224,810212
th224,810213
th224,810214
th224,810215
th224,810216
th224,810217
th224,810218
th224,810219
th224,810220
th224,810221
th224,810222
th224,810223
th224,810224
th224,810225
th224,810226
th224,810227
th224,810228
th224,810229
th224,810230
th224,810231
th224,810232
th224,810234
th224,810235
th224,810236
th224,810237
th224,810238
th224,810239
th224,810240
th224,810241
th224,810242
th224,810243
th224,810244
th224,810245
th224,810246
th224,810247
th224,810248
th224,810249
th224,810250
th224,810251
th224,810252
th224,810253
th224,810254
th224,810255
th224,810256
th224,810257
th224,810258
th224,810259
th224,810260
th224,810261
th224,810262
th224,810263
th224,810264
th224,810265
th224,810266
th224,810267
th224,810268
th224,810269
th224,810270
th224,810271
th224,810272
th224,810273
th224,810274
th224,810275
th224,810276
th224,810277
th224,810278
th224,810279
th224,810280
th224,810281
th224,810282
th224,810283
th224,810284
th224,810285
th224,810286
th224,810287
th224,810288
th224,810289
th224,810290
th224,810291
th224,810292
th224,810293
th224,810294
th224,810295
th224,810296
th224,810297
th224,810298
th224,810299
th224,810300
th224,810301
th224,810302
th224,810303
th224,810304
th224,810305
th224,810306
th224,810307
th224,810308
th224,810309
th224,810310
th224,810311
th224,810312
th224,810314
th224,810315
th224,810316
th224,810317
th224,810318
th224,810319
th224,810320
th224,810321
th224,810322
th224,810323
th224,810324
th224,810325
th224,810326
th224,810327
th224,810328
th224,810329
th224,810330
th224,810331
th224,810332
th224,810333
th224,810334
th224,810335
th224,810336
th224,810337
th224,810338
th224,810339
th224,810340
th224,810341
th224,810342
th224,810343
th224,810344
th224,810345
th224,810346
th224,810347
th224,810348
th224,810349
th224,810350
th224,810351
th224,810352
th224,810353
th224,810354
th224,810355
th224,810356
th224,810357
th224,810358
th224,810359
th224,810360
th224,810361
th224,810362
th224,810363
th224,810364
th224,810365
th224,810366
th224,810368
th224,810369
th224,810370
th224,810371
th224,810372
th224,810373
th224,810374
th224,810376
th224,810377
th224,810378
th224,810379
th224,810380
th224,810381
th224,810382
th224,810383
th224,810384
th224,810385
th224,810386
th224,810387
th224,810388
th224,810389
th224,810390
th224,810391
th224,810392
th224,810393
th224,810394
th224,810395
th224,810396
th224,810397
th224,810398
th224,810399
th224,810400
th224,810401
th224,810402
th224,810403
th224,810404
th224,810405
th224,810406
th224,810407
th224,810408
th224,810409
th224,810410
th224,810411
th224,810412
th224,810413
th224,810414
th224,810415
th224,810416
th224,810417
th224,810418
th224,810419
th224,810420
th224,810421
th224,810422
th224,810423
th224,810424
th224,810425
th224,810426
th224,810427
th224,810428
th224,810429
th224,810430
th224,810431
th224,810432
th224,810433
th224,810434
th224,810435
th224,810436
th224,810437
th224,810438
th224,810439
th224,810440
th224,810441
th224,810442
th224,810443
th224,810444
th224,810445
th224,810446
th224,810447
th224,810448
th224,810449
th224,810450
th224,810451
th224,810452
th224,810453
th224,810454
th224,810455
th224,810456
th224,810457
th224,810458
th224,810459
th224,810460
th224,810461
th224,810462
th224,810463
th224,810464
th224,810465
th224,810466
th224,810467
th224,810468
th224,810469
th224,810470
th224,810471
th224,810472
th224,810473
th224,810474
th224,810475
th224,810476
th224,810477
th224,810478
th224,810479
th224,810480
th224,810481
th224,810482
th224,810483
th224,810484
th224,810485
th224,810486
th224,810487
th224,810488
th224,810489
th224,810490
th224,810491
th224,810492
th224,810493
th224,810494
th224,810495
th224,810496
th224,810497
th224,810498
th224,810499
th224,810500
th224,810501
th224,810502
th224,810503
th224,810504
th224,810505
th224,810506
th224,810507
th224,810508
th224,810509
th224,810510
th224,810511
th224,810512
th224,810513
th224,810514
th224,810515
th224,810516
th224,810517
th224,810518
th224,810519
th224,810520
th224,810521
th224,810522
th224,810523
th224,810524
th224,810525
th224,810526
th224,810527
th224,810528
th224,810529
th224,810530
th224,810531
th224,810532
th224,810533
th224,810534
th224,810535
th224,810536
th224,810537
th224,810538
th224,810539
th224,810540
th224,810541
th224,810542
th224,810543
th224,810544
th224,810545
th224,810546
th224,810547
th224,810548
th224,810549
th224,810550
th224,810551
th224,810552
th224,810553
th224,810554
th224,810555
th224,810556
th224,810557
th224,810558
th224,810559
th224,810560
th224,810561
th224,810562
th224,810563
th224,810564
th224,810565
th224,810566
th224,810567
th224,810568
th224,810569
th224,810570
th224,810571
th224,810572
th224,810573
th224,810574
th224,810575
th224,810576
th224,810577
th224,810578
th224,810579
th224,810580
th224,810581
th224,810582
th224,810583
th224,810584
th224,810585
th224,810586
th224,810587
th224,810588
th224,810589
th224,810590
th224,810591
th224,810592
th224,810593
th224,810594
th224,810595
th224,810596
th224,810597
th224,810598
th224,810599
th224,810600
th224,810601
th224,810602
th224,810603
th224,810604
th224,810605
th224,810606
th224,810607
th224,810608
th224,810609
th224,810610
th224,810611
th224,810612
th224,810613
th224,810614
th224,810615
th224,810616
th224,810617
th224,810618
th224,810620
th224,810621
th224,810623
th224,810624
th224,810625
th224,810626
th224,810627
th224,810628
th224,810629
th224,810630
th224,810631
th224,810632
th224,810633
th224,810634
th224,810635
th224,810636
th224,810637
th224,810638
th224,810639
th224,810640
th224,810641
th224,810642
th224,810643
th224,810644
th224,810645
th224,810646
th224,810647
th224,810648
th224,810649
th224,810650
th224,810651
th224,810652
th224,810653
th224,810654
th224,810655
th224,810656
th224,810657
th224,810658
th224,810659
th224,810660
th224,810661
th224,810662
th224,810663
th224,810664
th224,810665
th224,810666
th224,810667
th224,810668
th224,810669
th224,810670
th224,810671
th224,810672
th224,810673
th224,810674
th224,810675
th224,810676
th224,810677
th224,810678
th224,810679
th224,810680
th224,810681
th224,810682
th224,810683
th224,810684
th224,810685
th224,810686
th224,810687
th224,810688
th224,810689
th224,810690
th224,810692
th224,810693
th224,810694
th224,810695
th224,810696
th224,810697
th224,810698
th224,810699
th224,810700
th224,810701
th224,810702
th224,810703
th224,810704
th224,810705
th224,810706
th224,810707
th224,810708
th224,810709
th224,810710
th224,810711
th224,810712
th224,810713
th224,810714
th224,810715
th224,810716
th224,810717
th224,810718
th224,810719
th224,810720
th224,810721
th224,810722
th224,810723
th224,810724
th224,810725
th224,810726
th224,810727
th224,810728
th224,810729
th224,810730
th224,810731
th224,810732
th224,810733
th224,810734
th224,810735
th224,810736
th224,810737
th224,810738
th224,810739
th224,810740
th224,810741
th224,810742
th224,810743
th224,810744
th224,810745
th224,810746
th224,810747
th224,810748
th224,810749
th224,810750
th224,810751
th224,810752
th224,810753
th224,810754
th224,810755
th224,810756
th224,810757
th224,810758
th224,810759
th224,810760
th224,810761
th224,810762
th224,810763
th224,810764
th224,810765
th224,810766
th224,810767
th224,810768
th224,810769
th224,810770
th224,810771
th224,810772
th224,810773
th224,810774
th224,810775
th224,810776
th224,810777
th224,810779
th224,810780
th224,810781
th224,810782
th224,810783
th224,810784
th224,810785
th224,810786
th224,810787
th224,810788
th224,810789
th224,810790
th224,810791
th224,810792
th224,810793
th224,810794
th224,810795
th224,810796
th224,810797
th224,810798
th224,810799
th224,810800
th224,810801
th224,810802
th224,810803
th224,810805
th224,810806
th224,810807
th224,810808
th224,810809
th224,810810
th224,810811
th224,810812
th224,810813
th224,810814
th224,810815
th224,810816
th224,810817
th224,810818
th224,810819
th224,810820
th224,810821
th224,810822
th224,810823
th224,810824
th224,810825
th224,810826
th224,810827
th224,810828
th224,810829
th224,810830
th224,810831
th224,810832
th224,810833
th224,810834
th224,810835
th224,810836
th224,810837
th224,810838
th224,810839
th224,810840
th224,810841
th224,810842
th224,810843
th224,810844
th224,810845
th224,810846
th224,810847
th224,810848
th224,810849
th224,810850
th224,810851
th224,810852
th224,810853
th224,810854
th224,810855
th224,810856
th224,810857
th224,810858
th224,810860
th224,810861
th224,810862
th224,810863
th224,810864
th224,810865
th224,810866
th224,810867
th224,810868
th224,810869
th224,810870
th224,810871
th224,810872
th224,810873
th224,810874
th224,810875
th224,810876
th224,810877
th224,810878
th224,810879
th224,810880
th224,810881
th224,810882
th224,810883
th224,810884
th224,810885
th224,810887
th224,810889
th224,810890
th224,810891
th224,810892
th224,810893
th224,810894
th224,810895
th224,810896
th224,810897
th224,810898
th224,810899
th224,810901
th224,810902
th224,810903
th224,810904
th224,810905
th224,810906
th224,810907
th224,810908
th224,810909
th224,810910
th224,810911
th224,810912
th224,810913
th224,810914
th224,810915
th224,810916
th224,810917
th224,810918
th224,810919
th224,810920
th224,810921
th224,810922
th224,810924
th224,810925
th224,810926
th224,810927
th224,810928
th224,810929
th224,810930
th224,810931
th224,810932
th224,810933
th224,810934
th224,810935
th224,810936
th224,810938
th224,810939
th224,810940
th224,810941
th224,810942
th224,810943
th224,810944
th224,810945
th224,810946
th224,810947
th224,810948
th224,810949
th224,810950
th224,810951
th224,810952
th224,810953
th224,810954
th224,810955
th224,810956
th224,810957
th224,810958
th224,810959
th224,810960
th224,810961
th224,810962
th224,810963
th224,810964
th224,810965
th224,810966
th224,810967
th224,810968
th224,810969
th224,810970
th224,810971
th224,810972
th224,810973
th224,810974
th224,810975
th224,810976
th224,810977
th224,810978
th224,810979
th224,810980
th224,810981
th224,810982
th224,810983
th224,810985
th224,810986
th224,810987
th224,810988
th224,810989
th224,810990
th224,810991
th224,810992
th224,810993
th224,810994
th224,810995
th224,810996
th224,810997
th224,810998
th224,810999
th224,811000
th224,811001
th224,811002
th224,811003
th224,811004
th224,811005
th224,811006
th224,811007
th224,811008
th224,811009
th224,811010
th224,811011
th224,811012
th224,811013
th224,811014
th224,811015
th224,811016
th224,811017
th224,811018
th224,811019
th224,811020
th224,811021
th224,811022
th224,811023
th224,811024
th224,811025
th224,811026
th224,811027
th224,811028
th224,811029
th224,811030
th224,811031
th224,811032
th224,811033
th224,811034
th224,811035
th224,811036
th224,811037
th224,811038
th224,811039
th224,811040
th224,811041
th224,811042
th224,811043
th224,811044
th224,811045
th224,811046
th224,811047
th224,811048
th224,811049
th224,811050
th224,811051
th224,811052
th224,811053
th224,811054
th224,811055
th224,811056
th224,811057
th224,811058
th224,811059
th224,811060
th224,811061
th224,811062
th224,811063
th224,811064
th224,811065
th224,811066
th224,811067
th224,811068
th224,811069
th224,811070
th224,811071
th224,811072
th224,811073
th224,811074
th224,811075
th224,811076
th224,811077
th224,811078
th224,811079
th224,811080
th224,811081
th224,811082
th224,811083
th224,811084
th224,811085
th224,811086
th224,811087
th224,811088
th224,811089
th224,811090
th224,811091
th224,811092
th224,811093
th224,811094
th224,811095
th224,811096
th224,811097
th224,811099
th224,811100
th224,811101
th224,811102
th224,811103
th224,811104
th224,811105
th224,811106
th224,811107
th224,811108
th224,811109
th224,811110
th224,811111
th224,811112
th224,811113
th224,811114
th224,811115
th224,811116
th224,811117
th224,811118
th224,811119
th224,811120
th224,811121
th224,811122
th224,811123
th224,811124
th224,811125
th224,811126
th224,811127
th224,811128
th224,811129
th224,811130
th224,811131
th224,811132
th224,811133
th224,811134
th224,811135
th224,811136
th224,811137
th224,811138
th224,811139
th224,811140
th224,811141
th224,811142
th224,811143
th224,811144
th224,811145
th224,811146
th224,811147
th224,811148
th224,811149
th224,811150
th224,811151
th224,811152
th224,811153
th224,811154
th224,811155
th224,811156
th224,811157
th224,811158
th224,811159
th224,811160
th224,811161
th224,811162
th224,811163
th224,811164
th224,811165
th224,811166
th224,811167
th224,811168
th224,811169
th224,811170
th224,811171
th224,811172
th224,811173
th224,811174
th224,811175
th224,811176
th224,811177
th224,811178
th224,811179
th224,811180
th224,811181
th224,811182
th224,811183
th224,811184
th224,811185
th224,811186
th224,811187
th224,811188
th224,811189
th224,811190
th224,811191
th224,811192
th224,811193
th224,811194
th224,811195
th224,811196
th224,811197
th224,811198
th224,811199
th224,811200
th224,811201
th224,811202
th224,811203
th224,811204
th224,811205
th224,811206
th224,811207
th224,811208
th224,811209
th224,811210
th224,811211
th224,811212
th224,811213
th224,811214
th224,811215
th224,811216
th224,811217
th224,811218
th224,811219
th224,811220
th224,811221
th224,811222
th224,811223
th224,811224
th224,811225
th224,811226
th224,811227
th224,811228
th224,811229
th224,811230
th224,811231
th224,811232
th224,811233
th224,811234
th224,811235
th224,811236
th224,811237
th224,811238
th224,811239
th224,811240
th224,811241
th224,811242
th224,811243
th224,811244
th224,811245
th224,811246
th224,811247
th224,811248
th224,811249
th224,811250
th224,811251
th224,811252
th224,811253
th224,811254
th224,811255
th224,811256
th224,811257
th224,811258
th224,811259
th224,811260
th224,811261
th224,811262
th224,811263
th224,811264
th224,811265
th224,811266
th224,811267
th224,811268
th224,811269
th224,811270
th224,811271
th224,811272
th224,811273
th224,811274
th224,811275
th224,811276
th224,811277
th224,811278
th224,811279
th224,811280
th224,811281
th224,811282
th224,811283
th224,811284
th224,811285
th224,811286
th224,811287
th224,811289
th224,811290
th224,811291
th224,811292
th224,811293
th224,811294
th224,811295
th224,811296
th224,811297
th224,811298
th224,811299
th224,811300
th224,811301
th224,811303
th224,811306
th224,811309
th224,811312
th224,811315
th224,811317
th224,811320
th224,811325
th224,811327
th224,811332
th224,811335
th224,811338
th224,811342
th224,811346
th224,811350
th224,811353
th224,811357
th224,811361
th224,811364
th224,811367
th224,811374
th224,811377
th224,811381
th224,811383
th224,811386
th224,811389
th224,811391
th224,811395
th224,811399
th224,811402
th224,811405
th224,811415
th224,811418
th224,811420
th224,811428
th224,811432
th224,811437
th224,811441
th224,811446
th224,811449
th224,811451
th224,811454
th224,811462
th224,811476
th224,811478
th224,811480
th224,811483
th224,811485
th224,811488
th224,811490
th224,811493
th224,811494
th224,811496
th224,811498
th224,811500
th224,811503
th224,811506
th224,811511
th224,811514
th224,811520
th224,811530
th224,811534
th224,811537
th224,811540
th224,811545
th224,811551
th224,811555
th224,811557
th224,811560
th224,811566
th224,811572
th224,811574
th224,811578
th224,811581
th224,811582
th224,811588
th224,811593
th224,811597
th224,811600
th224,811602
th224,811606
th224,811616
th224,811619
th224,811622
th224,811625
th224,811628
th224,811633
th224,811637
th224,811640
th224,812280
th224,812291
th224,812295
th224,812299
th224,812305
th224,812309
th224,812314
th224,812316
th224,812318
th224,812322
th224,812325
th224,812329
th224,812333
th224,812338
th224,812341
th224,812344
th224,812351
th224,812357
th224,812358
th224,812360
th224,812366
th224,812370
th224,812371
th224,812378
th224,812385
th224,812388
th224,812391
th224,812709
th224,812720
th224,812844
th224,812849
th224,814919
th224,815554
th224,815659
th224,815661
th224,815665
th224,815671
th224,815675
th224,815679
th224,815682
th224,815685
th224,815691
th224,815694
th224,815697
th224,815701
th224,815708
th224,815715
th224,815721
th224,815722
th224,815726
th224,815727
th224,815729
th224,815731
th224,815732
th224,815736
th224,815737
th224,815741
th224,815742
th224,815744
th224,815745
th224,815746
th224,815747
th224,815748
th224,815749
th224,815750
th224,815751
th224,815752
th224,815753
th224,815754
th224,815755
th224,815756
th224,815757
th224,815758
th224,815759
th224,815760
th224,815761
th224,815762
th224,815763
th224,815764
th224,815765
th224,815766
th224,815767
th224,815768
th224,815769
th224,815770
th224,815772
th224,815773
th224,815774
th224,815775
th224,815776
th224,815778
th224,815779
th224,815780
th224,815781
th224,815782
th224,815784
th224,815785
th224,815786
th224,815787
th224,815788
th224,815789
th224,815790
th224,815791
th224,815792
th224,815794
th224,815795
th224,815796
th224,815797
th224,815798
th224,815799
th224,815800
th224,815801
th224,815803
th224,815806
th224,815808
th224,815810
th224,815812
th224,815813
th224,815814
th224,815815
th224,815816
th224,815817
th224,815818
th224,815819
th224,815823
th224,815827
th224,815828
th224,815829
th224,815830
th224,815832
th224,815833
th224,815836
th224,815837
th224,815839
th224,815840
th224,815842
th224,815843
th224,815847
th224,815848
th224,815849
th224,815851
th224,815853
th224,815855
th224,815856
th224,815858
th224,815860
th224,815861
th224,815863
th224,815864
th224,815867
th224,815868
th224,815870
th224,815875
th224,815877
th224,815882
th224,815886
th224,815890
th224,815891
th224,815894
th224,815895
th224,815897
th224,815898
th224,815899
th224,815901
th224,815903
th224,815904
th224,815905
th224,815906
th224,815907
th224,815908
th224,815909
th224,815910
th224,815911
th224,815912
th224,815913
th224,815914
th224,815915
th224,815916
th224,815918
th224,815919
th224,815923
th224,815924
th224,815925
th224,815926
th224,815929
th224,815930
th224,815931
th224,815932
th224,815933
th224,815936
th224,815937
th224,815939
th224,815940
th224,815941
th224,815944
th224,815945
th224,815946
th224,815947
th224,815948
th224,815949
th224,815950
th224,815951
th224,815957
th224,815960
th224,815963
th224,815965
th224,815966
th224,815969
th224,815972
th224,815973
th224,815977
th224,815978
th224,815979
th224,815982
th224,815984
th224,815988
th224,815989
th224,815990
th224,815993
th224,815994
th224,815995
th224,815998
th224,816000
th224,816001
th224,816002
th224,816004
th224,816006
th224,816007
th224,816010
th224,816011
th224,816014
th224,816015
th224,816016
th224,816018
th224,816023
th224,816024
th224,816028
th224,816034
th224,816041
th224,816045
th224,816047
th224,816048
th224,816049
th224,816050
th224,816051
th224,816052
th224,816053
th224,816054
th224,816056
th224,816057
th224,816058
th224,816059
th224,816063
th224,816064
th224,816065
th224,816066
th224,816067
th224,816068
th224,816069
th224,816071
th224,816072
th224,816076
th224,816081
th224,816082
th224,816083
th224,816084
th224,816085
th224,816086
th224,816087
th224,816088
th224,816089
th224,816091
th224,816093
th224,816094
th224,816095
th224,816097
th224,816099
th224,816100
th224,816101
th224,816102
th224,816103
th224,816104
th224,816105
th224,816108
th224,816109
th224,816110
th224,816113
th224,816114
th224,816117
th224,816230
th224,816283
th224,816350
th224,816361
th224,816368
th224,816374
th224,816377
th224,816380
th224,816399
th224,816404
th224,816412
th224,816422
th224,816423
th224,816426
th224,816427
th224,816429
th224,816431
th224,816432
th224,816434
th224,816436
th224,816441
th224,816442
th224,816443
th224,816445
th224,816446
th224,816448
th224,816449
th224,816451
th224,816456
th224,816458
th224,816462
th224,816465
th224,816469
th224,816470
th224,816473
th224,816474
th224,816475
th224,816477
th224,816478
th224,816484
th224,816491
th224,816496
th224,816499
th224,816503
th224,816508
th224,816511
th224,816515
th224,816518
th224,816522
th224,816524
th224,816530
th224,816536
th224,816545
th224,816551
th224,816556
th224,816563
th224,816570
th224,816572
th224,816573
th224,816576
th224,816577
th224,816578
th224,816579
th224,816583
th224,816585
th224,816588
th224,816590
th224,816593
th224,816596
th224,816598
th224,816601
th224,816605
th224,816607
th224,816608
th224,816610
th224,816611
th224,816612
th224,816619
th224,816622
th224,816626
th224,816631
th224,816634
th224,816638
th224,816640
th224,816642
th224,816645
th224,816648
th224,816652
th224,816659
th224,816662
th224,816669
th224,816678
th224,816680
th224,816685
th224,816695
th224,816702
th224,816711
th224,816715
th224,816719
th224,816724
th224,816726
th224,816734
th224,816736
th224,816737
th224,816743
th224,816744
th224,816749
th224,816752
th224,816755
th224,816756
th224,816759
th224,816763
th224,816770
th224,816775
th224,816779
th224,816782
th224,816785
th224,816787
th224,816793
th224,816796
th224,816798
th224,816802
th224,816806
th224,816810
th224,816815
th224,816821
th224,816823
th224,816827
th224,816835
th224,816843
th224,816846
th224,817411
th224,817422
th224,817425
th224,817432
th224,817433
th224,817875
th224,817876
th224,817877
th224,817878
th224,817879
th224,817880
th224,817881
th224,817882
th224,817884
th224,817885
th224,817886
th224,817887
th224,817888
th224,817889
th224,817890
th224,817891
th224,817892
th224,817893
th224,817894
th224,817895
th224,817896
th224,817897
th224,817898
th224,817899
th224,817900
th224,817901
th224,817902
th224,817903
th224,817904
th224,817905
th224,817906
th224,817907
th224,817908
th224,817909
th224,817911
th224,817912
th224,817913
th224,817914
th224,817915
th224,817916
th224,817917
th224,817918
th224,817919
th224,817920
th224,817921
th224,817923
th224,817924
th224,817925
th224,817926
th224,817927
th224,817928
th224,817929
th224,817931
th224,817933
th224,817934
th224,817935
th224,817936
th224,817937
th224,817938
th224,817939
th224,817940
th224,817941
th224,817942
th224,817943
th224,817944
th224,817945
th224,817946
th224,817947
th224,817948
th224,817949
th224,817950
th224,817951
th224,817952
th224,817953
th224,817954
th224,817955
th224,817956
th224,817958
th224,817959
th224,817960
th224,817961
th224,817962
th224,817963
th224,817964
th224,817966
th224,817967
th224,817968
th224,817969
th224,817970
th224,817971
th224,817972
th224,817973
th224,817974
th224,817975
th224,817976
th224,817977
th224,817978
th224,817980
th224,817981
th224,817982
th224,817983
th224,817984
th224,817985
th224,817986
th224,817987
th224,817988
th224,817989
th224,817990
th224,817991
th224,817992
th224,817993
th224,817994
th224,817995
th224,817996
th224,817997
th224,817998
th224,817999
th224,818000
th224,818001
th224,818002
th224,818003
th224,818004
th224,818005
th224,818006
th224,818007
th224,818008
th224,818009
th224,818010
th224,818011
th224,818012
th224,818013
th224,818014
th224,818015
th224,818016
th224,818017
th224,818018
th224,818019
th224,818020
th224,818021
th224,818022
th224,818024
th224,818025
th224,818026
th224,818027
th224,818028
th224,818029
th224,818030
th224,818031
th224,818032
th224,818033
th224,818034
th224,818035
th224,818036
th224,818037
th224,818039
th224,818040
th224,818041
th224,818042
th224,818043
th224,818044
th224,818045
th224,818046
th224,818047
th224,818048
th224,818049
th224,818050
th224,818051
th224,818052
th224,818053
th224,818054
th224,818055
th224,818056
th224,818057
th224,818058
th224,818059
th224,818060
th224,818061
th224,818062
th224,818063
th224,818064
th224,818065
th224,818066
th224,818067
th224,818068
th224,818069
th224,818070
th224,818071
th224,818072
th224,818073
th224,818074
th224,818075
th224,818076
th224,818077
th224,818078
th224,818079
th224,818080
th224,818081
th224,818082
th224,818083
th224,818084
th224,818085
th224,818086
th224,818087
th224,818088
th224,818090
th224,818091
th224,818092
th224,818095
th224,818096
th224,818097
th224,818098
th224,818100
th224,818101
th224,818102
th224,818103
th224,818104
th224,818105
th224,818106
th224,818107
th224,818108
th224,818109
th224,818110
th224,818111
th224,818112
th224,818113
th224,818114
th224,818115
th224,818116
th224,818117
th224,818118
th224,818119
th224,818120
th224,818121
th224,818122
th224,818123
th224,818124
th224,818125
th224,818126
th224,818127
th224,818128
th224,818129
th224,818130
th224,818131
th224,818132
th224,818133
th224,818134
th224,818135
th224,818137
th224,818138
th224,818139
th224,818140
th224,818141
th224,818142
th224,818143
th224,818144
th224,818145
th224,818146
th224,818147
th224,818148
th224,818150
th224,818151
th224,818152
th224,818153
th224,818154
th224,818155
th224,818156
th224,818157
th224,818158
th224,818159
th224,818160
th224,818161
th224,818162
th224,818163
th224,818165
th224,818166
th224,818167
th224,818168
th224,818169
th224,818170
th224,818171
th224,818172
th224,818173
th224,818174
th224,818175
th224,818176
th224,818177
th224,818178
th224,818179
th224,818180
th224,818181
th224,818182
th224,818183
th224,818184
th224,818185
th224,818186
th224,818187
th224,818188
th224,818189
th224,818190
th224,818191
th224,818192
th224,818193
th224,818194
th224,818195
th224,818196
th224,818197
th224,818198
th224,818199
th224,818200
th224,818201
th224,818202
th224,818203
th224,818205
th224,818206
th224,818208
th224,818209
th224,818210
th224,818211
th224,818212
th224,818213
th224,818214
th224,818215
th224,818216
th224,818217
th224,818218
th224,818220
th224,818221
th224,818222
th224,818223
th224,818224
th224,818225
th224,818226
th224,818227
th224,818228
th224,818229
th224,818230
th224,818231
th224,818232
th224,818233
th224,818234
th224,818235
th224,818236
th224,818237
th224,818238
th224,818239
th224,818240
th224,818241
th224,818242
th224,818243
th224,818244
th224,818245
th224,818246
th224,818247
th224,818248
th224,818249
th224,818250
th224,818251
th224,818252
th224,818253
th224,818254
th224,818255
th224,818256
th224,818257
th224,818258
th224,818259
th224,818260
th224,818261
th224,818262
th224,818263
th224,818264
th224,818265
th224,818266
th224,818267
th224,818268
th224,818269
th224,818270
th224,818271
th224,818272
th224,818273
th224,818274
th224,818275
th224,818277
th224,818278
th224,818279
th224,818280
th224,818281
th224,818282
th224,818283
th224,818284
th224,818285
th224,818286
th224,818287
th224,818288
th224,818289
th224,818290
th224,818291
th224,818292
th224,818293
th224,818295
th224,818296
th224,818297
th224,818298
th224,818300
th224,818301
th224,818302
th224,818304
th224,818305
th224,818309
th224,818310
th224,818311
th224,818312
th224,818313
th224,818314
th224,818315
th224,818316
th224,818317
th224,818318
th224,818320
th224,818322
th224,818323
th224,818325
th224,818326
th224,818327
th224,818328
th224,818329
th224,818330
th224,818331
th224,818332
th224,818333
th224,818334
th224,818335
th224,818336
th224,818337
th224,818338
th224,818339
th224,818340
th224,818341
th224,818343
th224,818344
th224,818345
th224,818346
th224,818347
th224,818348
th224,818349
th224,818350
th224,818351
th224,818352
th224,818354
th224,818355
th224,818356
th224,818357
th224,818358
th224,818359
th224,818360
th224,818363
th224,818364
th224,818365
th224,818366
th224,818367
th224,818368
th224,818369
th224,818370
th224,818371
th224,818372
th224,818373
th224,818374
th224,818375
th224,818376
th224,818377
th224,818378
th224,818379
th224,818380
th224,818381
th224,818382
th224,818383
th224,818384
th224,818385
th224,818386
th224,818387
th224,818388
th224,818392
th224,818393
th224,818394
th224,818395
th224,818396
th224,818397
th224,818398
th224,818399
th224,818400
th224,818401
th224,818402
th224,818403
th224,818404
th224,818405
th224,818406
th224,818407
th224,818408
th224,818409
th224,818410
th224,818411
th224,818412
th224,818413
th224,818414
th224,818415
th224,818416
th224,818418
th224,818419
th224,818420
th224,818421
th224,818422
th224,818423
th224,818424
th224,818425
th224,818426
th224,818427
th224,818428
th224,818429
th224,818430
th224,818448
th224,818452
th224,818454
th224,818455
th224,818457
th224,818468
th224,818469
th224,818471
th224,818472
th224,818473
th224,818474
th224,818475
th224,818476
th224,818477
th224,818478
th224,818479
th224,818480
th224,818481
th224,818482
th224,818483
th224,818484
th224,818485
th224,818486
th224,818487
th224,818488
th224,818489
th224,818490
th224,818491
th224,818492
th224,818493
th224,818494
th224,818495
th224,818496
th224,818497
th224,818498
th224,818499
th224,818500
th224,818501
th224,818503
th224,818504
th224,818505
th224,818506
th224,818507
th224,818508
th224,818509
th224,818510
th224,818511
th224,818512
th224,818513
th224,818514
th224,818515
th224,818516
th224,818517
th224,818518
th224,818519
th224,818520
th224,818521
th224,818522
th224,818523
th224,818524
th224,818525
th224,818526
th224,818527
th224,818528
th224,818529
th224,818530
th224,818531
th224,818532
th224,818533
th224,818534
th224,818535
th224,818536
th224,818537
th224,818538
th224,818539
th224,818540
th224,818541
th224,818542
th224,818543
th224,818544
th224,818545
th224,818546
th224,818547
th224,818548
th224,818549
th224,818550
th224,818551
th224,818552
th224,818553
th224,818554
th224,818555
th224,818556
th224,818557
th224,818558
th224,818559
th224,818560
th224,818561
th224,818562
th224,818563
th224,818564
th224,818565
th224,818566
th224,818567
th224,818568
th224,818569
th224,818570
th224,818571
th224,818572
th224,818573
th224,818574
th224,818575
th224,818576
th224,818577
th224,818578
th224,818579
th224,818580
th224,818581
th224,818582
th224,818583
th224,818584
th224,818585
th224,818586
th224,818587
th224,818588
th224,818589
th224,818590
th224,818591
th224,818592
th224,818593
th224,818594
th224,818595
th224,818596
th224,818597
th224,818598
th224,818599
th224,818600
th224,818601
th224,818602
th224,818603
th224,818604
th224,818605
th224,818606
th224,818607
th224,818608
th224,818609
th224,818610
th224,818611
th224,818612
th224,818613
th224,818614
th224,818615
th224,818616
th224,818617
th224,818618
th224,818619
th224,818620
th224,818621
th224,818622
th224,818623
th224,818624
th224,818625
th224,818626
th224,818627
th224,818628
th224,818629
th224,818630
th224,818631
th224,818632
th224,818633
th224,818634
th224,818635
th224,818636
th224,818637
th224,818638
th224,818639
th224,818640
th224,818641
th224,818642
th224,818643
th224,818658
th224,818659
th224,818661
th224,818662
th224,818663
th224,818664
th224,818665
th224,818666
th224,818667
th224,818668
th224,818669
th224,818670
th224,818671
th224,818672
th224,818673
th224,818675
th224,818676
th224,818677
th224,818678
th224,818679
th224,818680
th224,818681
th224,818682
th224,818683
th224,818684
th224,818685
th224,818686
th224,818688
th224,818689
th224,818691
th224,818692
th224,818693
th224,818694
th224,818695
th224,818696
th224,818697
th224,818699
th224,818701
th224,818702
th224,818703
th224,818705
th224,818706
th224,818707
th224,818708
th224,818709
th224,818710
th224,818711
th224,818712
th224,818713
th224,818714
th224,818715
th224,818716
th224,818717
th224,818718
th224,818719
th224,818720
th224,818721
th224,818722
th224,818723
th224,818724
th224,818725
th224,818726
th224,818727
th224,818729
th224,818730
th224,818731
th224,818732
th224,818733
th224,818734
th224,818736
th224,818737
th224,818739
th224,818740
th224,818741
th224,818742
th224,818743
th224,818744
th224,818745
th224,818746
th224,818747
th224,818748
th224,818749
th224,818750
th224,818752
th224,818753
th224,818754
th224,818755
th224,818756
th224,818757
th224,818758
th224,818759
th224,818760
th224,818762
th224,818764
th224,818766
th224,818768
th224,818769
th224,818770
th224,818771
th224,818772
th224,818773
th224,818774
th224,818775
th224,818776
th224,818777
th224,818780
th224,818782
th224,818784
th224,818785
th224,818786
th224,818788
th224,818789
th224,818791
th224,818792
th224,818793
th224,818794
th224,818795
th224,818797
th224,818799
th224,818800
th224,818801
th224,818802
th224,818804
th224,818805
th224,818806
th224,818807
th224,818808
th224,818809
th224,818811
th224,818812
th224,818813
th224,818814
th224,818815
th224,818816
th224,818817
th224,818819
th224,818820
th224,818821
th224,818822
th224,818823
th224,818824
th224,818825
th224,818826
th224,818827
th224,818828
th224,818831
th224,818832
th224,818833
th224,818834
th224,818835
th224,818836
th224,818837
th224,818838
th224,818839
th224,818840
th224,818841
th224,818842
th224,818844
th224,818845
th224,818846
th224,818849
th224,818850
th224,818851
th224,818853
th224,818854
th224,818855
th224,818856
th224,818857
th224,818858
th224,818859
th224,818861
th224,818862
th224,818863
th224,818864
th224,818865
th224,818866
th224,818867
th224,818868
th224,818869
th224,818871
th224,818872
th224,818873
th224,818874
th224,818877
th224,818878
th224,818879
th224,818881
th224,818882
th224,818884
th224,818885
th224,818887
th224,818888
th224,818889
th224,818890
th224,818891
th224,818892
th224,818893
th224,818896
th224,818897
th224,818898
th224,818899
th224,818900
th224,818901
th224,818902
th224,818903
th224,818904
th224,818905
th224,818906
th224,818907
th224,818908
th224,818909
th224,818910
th224,818911
th224,818912
th224,818913
th224,818914
th224,818916
th224,818917
th224,818918
th224,818919
th224,818920
th224,818922
th224,818923
th224,818924
th224,818926
th224,818927
th224,818928
th224,818929
th224,818930
th224,818931
th224,818932
th224,818934
th224,818935
th224,818936
th224,818939
th224,818940
th224,818941
th224,818942
th224,818943
th224,818944
th224,818945
th224,818946
th224,818947
th224,818948
th224,818949
th224,818950
th224,818951
th224,818953
th224,818954
th224,818955
th224,818956
th224,818957
th224,818959
th224,818960
th224,818961
th224,818963
th224,818965
th224,818966
th224,818967
th224,818968
th224,818969
th224,818970
th224,818971
th224,818972
th224,818973
th224,818974
th224,818975
th224,818976
th224,818977
th224,818978
th224,818979
th224,818981
th224,818982
th224,818983
th224,818984
th224,818985
th224,818986
th224,818987
th224,818988
th224,818989
th224,818990
th224,818991
th224,818992
th224,818993
th224,818994
th224,818996
th224,818997
th224,818998
th224,818999
th224,819000
th224,819001
th224,819002
th224,819003
th224,819004
th224,819005
th224,819006
th224,819007
th224,819008
th224,819009
th224,819011
th224,819012
th224,819013
th224,819014
th224,819015
th224,819016
th224,819017
th224,819018
th224,819019
th224,819020
th224,819021
th224,819022
th224,819023
th224,819024
th224,819025
th224,819026
th224,819027
th224,819028
th224,819029
th224,819030
th224,819031
th224,819032
th224,819033
th224,819034
th224,819035
th224,819037
th224,819038
th224,819040
th224,819041
th224,819042
th224,819043
th224,819044
th224,819045
th224,819046
th224,819047
th224,819048
th224,819049
th224,819050
th224,819051
th224,819052
th224,819053
th224,819054
th224,819055
th224,819056
th224,819057
th224,819058
th224,819059
th224,819060
th224,819061
th224,819062
th224,819063
th224,819064
th224,819065
th224,819066
th224,819067
th224,819068
th224,819069
th224,819070
th224,819071
th224,819072
th224,819073
th224,819074
th224,819075
th224,819076
th224,819077
th224,819078
th224,819079
th224,819080
th224,819081
th224,819082
th224,819083
th224,819084
th224,819085
th224,819086
th224,819087
th224,819088
th224,819089
th224,819090
th224,819091
th224,819092
th224,819093
th224,819094
th224,819095
th224,819096
th224,819097
th224,819098
th224,819099
th224,819100
th224,819101
th224,819102
th224,819103
th224,819104
th224,819105
th224,819106
th224,819107
th224,819108
th224,819109
th224,819110
th224,819111
th224,819113
th224,819114
th224,819115
th224,819116
th224,819118
th224,819119
th224,819120
th224,819121
th224,819122
th224,819123
th224,819124
th224,819125
th224,819126
th224,819128
th224,819129
th224,819130
th224,819131
th224,819132
th224,819133
th224,819134
th224,819135
th224,819136
th224,819137
th224,819138
th224,819139
th224,819140
th224,819141
th224,819142
th224,819143
th224,819144
th224,819145
th224,819147
th224,819148
th224,819149
th224,819150
th224,819151
th224,819152
th224,819154
th224,819155
th224,819156
th224,819157
th224,819158
th224,819159
th224,819160
th224,819161
th224,819162
th224,819163
th224,819164
th224,819165
th224,819166
th224,819167
th224,819168
th224,819169
th224,819170
th224,819171
th224,819172
th224,819173
th224,819174
th224,819175
th224,819176
th224,819177
th224,819179
th224,819180
th224,819181
th224,819182
th224,819183
th224,819184
th224,819185
th224,819186
th224,819188
th224,819189
th224,819190
th224,819191
th224,819193
th224,819194
th224,819195
th224,819196
th224,819197
th224,819199
th224,819200
th224,819201
th224,819202
th224,819203
th224,819204
th224,819205
th224,819207
th224,819208
th224,819209
th224,819210
th224,819211
th224,819212
th224,819213
th224,819214
th224,819215
th224,819216
th224,819217
th224,819218
th224,819219
th224,819220
th224,819221
th224,819222
th224,819223
th224,819224
th224,819225
th224,819226
th224,819227
th224,819228
th224,819229
th224,819230
th224,819231
th224,819232
th224,819233
th224,819234
th224,819235
th224,819236
th224,819237
th224,819238
th224,819239
th224,819240
th224,819242
th224,819243
th224,819244
th224,819245
th224,819246
th224,819247
th224,819248
th224,819250
th224,819251
th224,819252
th224,819253
th224,819254
th224,819255
th224,819256
th224,819257
th224,819258
th224,819259
th224,819260
th224,819261
th224,819262
th224,819263
th224,819264
th224,819265
th224,819266
th224,819268
th224,819271
th224,819272
th224,819273
th224,819276
th224,819278
th224,819279
th224,819280
th224,819281
th224,819282
th224,819283
th224,819284
th224,819285
th224,819286
th224,819287
th224,819288
th224,819289
th224,819291
th224,819292
th224,819293
th224,819294
th224,819296
th224,819298
th224,819299
th224,819300
th224,819301
th224,819302
th224,819303
th224,819304
th224,819305
th224,819306
th224,819307
th224,819308
th224,819309
th224,819310
th224,819311
th224,819313
th224,819315
th224,819316
th224,819317
th224,819318
th224,819319
th224,819320
th224,819321
th224,819322
th224,819323
th224,819324
th224,819325
th224,819326
th224,819327
th224,819328
th224,819329
th224,819330
th224,819331
th224,819332
th224,819333
th224,819334
th224,819335
th224,819336
th224,819337
th224,819338
th224,819339
th224,819340
th224,819341
th224,819342
th224,819343
th224,819344
th224,819345
th224,819346
th224,819348
th224,819349
th224,819350
th224,819351
th224,819352
th224,819353
th224,819354
th224,819355
th224,819356
th224,819357
th224,819358
th224,819359
th224,819360
th224,819361
th224,819362
th224,819363
th224,819365
th224,819366
th224,819367
th224,819368
th224,819369
th224,819370
th224,819371
th224,819372
th224,819373
th224,819374
th224,819375
th224,819376
th224,819377
th224,819379
th224,819380
th224,819381
th224,819382
th224,819383
th224,819384
th224,819385
th224,819386
th224,819387
th224,819388
th224,819389
th224,819390
th224,819391
th224,819392
th224,819393
th224,819394
th224,819395
th224,819396
th224,819397
th224,819398
th224,819399
th224,819400
th224,819402
th224,819403
th224,819405
th224,819406
th224,819407
th224,819408
th224,819409
th224,819410
th224,819411
th224,819412
th224,819413
th224,819414
th224,819415
th224,819416
th224,819417
th224,819418
th224,819419
th224,819420
th224,819421
th224,819422
th224,819424
th224,819425
th224,819427
th224,819428
th224,819429
th224,819430
th224,819431
th224,819432
th224,819433
th224,819434
th224,819435
th224,819436
th224,819437
th224,819438
th224,819439
th224,819440
th224,819441
th224,819442
th224,819443
th224,819444
th224,819445
th224,819446
th224,819447
th224,819448
th224,819449
th224,819450
th224,819451
th224,819452
th224,819453
th224,819454
th224,819455
th224,819456
th224,819457
th224,819458
th224,819459
th224,819460
th224,819461
th224,819462
th224,819463
th224,819464
th224,819465
th224,819466
th224,819467
th224,819468
th224,819469
th224,819470
th224,819471
th224,819472
th224,819473
th224,819474
th224,819475
th224,819476
th224,819477
th224,819478
th224,819479
th224,819480
th224,819481
th224,819482
th224,819483
th224,819484
th224,819485
th224,819486
th224,819487
th224,819488
th224,819489
th224,819490
th224,819491
th224,819492
th224,819493
th224,819494
th224,819495
th224,819496
th224,819497
th224,819498
th224,819499
th224,819500
th224,819501
th224,819502
th224,819503
th224,819504
th224,819505
th224,819506
th224,819507
th224,819508
th224,819509
th224,819510
th224,819511
th224,819512
th224,819513
th224,819514
th224,819516
th224,819517
th224,819518
th224,819519
th224,819520
th224,819521
th224,819522
th224,819523
th224,819524
th224,819525
th224,819526
th224,819527
th224,819528
th224,819529
th224,819530
th224,819531
th224,819532
th224,819533
th224,819534
th224,819535
th224,819536
th224,819537
th224,819538
th224,819539
th224,819540
th224,819541
th224,819542
th224,819543
th224,819544
th224,819545
th224,819546
th224,819547
th224,819548
th224,819549
th224,819550
th224,819551
th224,819552
th224,819553
th224,819554
th224,819555
th224,819556
th224,819557
th224,819558
th224,819559
th224,819560
th224,819561
th224,819562
th224,819563
th224,819564
th224,819565
th224,819566
th224,819567
th224,819568
th224,819569
th224,819570
th224,819571
th224,819572
th224,819573
th224,819574
th224,819575
th224,819576
th224,819577
th224,819578
th224,819579
th224,819580
th224,819581
th224,819582
th224,819584
th224,819585
th224,819586
th224,819587
th224,819588
th224,819589
th224,819590
th224,819591
th224,819592
th224,819593
th224,819594
th224,819595
th224,819596
th224,819597
th224,819598
th224,819599
th224,819600
th224,819601
th224,819602
th224,819603
th224,819604
th224,819605
th224,819606
th224,819607
th224,819608
th224,819609
th224,819610
th224,819611
th224,819612
th224,819613
th224,819614
th224,819615
th224,819616
th224,819617
th224,819618
th224,819619
th224,819620
th224,819621
th224,819623
th224,819624
th224,819625
th224,819626
th224,819627
th224,819628
th224,819629
th224,819630
th224,819631
th224,819632
th224,819633
th224,819634
th224,819635
th224,819636
th224,819638
th224,819639
th224,819641
th224,819642
th224,819643
th224,819644
th224,819645
th224,819646
th224,819647
th224,819648
th224,819650
th224,819651
th224,819652
th224,819655
th224,819657
th224,819658
th224,819659
th224,819660
th224,819661
th224,819663
th224,819664
th224,819665
th224,819666
th224,819667
th224,819668
th224,819669
th224,819670
th224,819671
th224,819672
th224,819674
th224,819675
th224,819676
th224,819677
th224,819678
th224,819679
th224,819680
th224,819681
th224,819682
th224,819683
th224,819684
th224,819685
th224,819686
th224,819687
th224,819688
th224,819689
th224,819690
th224,819691
th224,819692
th224,819693
th224,819694
th224,819695
th224,819696
th224,819697
th224,819698
th224,819699
th224,819700
th224,819701
th224,819702
th224,819703
th224,819704
th224,819705
th224,819706
th224,819707
th224,819708
th224,819709
th224,819710
th224,819711
th224,819712
th224,819713
th224,819714
th224,819715
th224,819716
th224,819717
th224,819718
th224,819719
th224,819720
th224,819721
th224,819722
th224,819723
th224,819724
th224,819725
th224,819726
th224,819727
th224,819728
th224,819729
th224,819731
th224,819732
th224,819733
th224,819734
th224,819735
th224,819736
th224,819737
th224,819739
th224,819740
th224,819741
th224,819742
th224,819744
th224,819745
th224,819746
th224,819747
th224,819748
th224,819749
th224,819750
th224,819751
th224,819752
th224,819753
th224,819754
th224,819755
th224,819756
th224,819757
th224,819758
th224,819759
th224,819760
th224,819761
th224,819762
th224,819763
th224,819764
th224,819766
th224,819767
th224,819768
th224,819769
th224,819770
th224,819771
th224,819772
th224,819773
th224,819774
th224,819775
th224,819776
th224,819777
th224,819778
th224,819779
th224,819780
th224,819781
th224,819782
th224,819783
th224,819784
th224,819785
th224,819786
th224,819787
th224,819788
th224,819789
th224,819790
th224,819791
th224,819792
th224,819793
th224,819794
th224,819795
th224,819796
th224,819797
th224,819798
th224,819799
th224,819800
th224,819801
th224,819802
th224,819803
th224,819804
th224,819805
th224,819806
th224,819807
th224,819808
th224,819809
th224,819810
th224,819811
th224,819812
th224,819813
th224,819814
th224,819815
th224,819816
th224,819817
th224,819818
th224,819819
th224,819821
th224,819822
th224,819823
th224,819824
th224,819825
th224,819826
th224,819827
th224,819828
th224,819829
th224,819830
th224,819832
th224,819833
th224,819834
th224,819835
th224,819836
th224,819837
th224,819838
th224,819839
th224,819840
th224,819841
th224,819842
th224,819843
th224,819844
th224,819845
th224,819846
th224,819847
th224,819848
th224,819849
th224,819850
th224,819851
th224,819852
th224,819853
th224,819854
th224,819855
th224,819856
th224,819857
th224,819858
th224,819859
th224,819860
th224,819861
th224,819862
th224,819864
th224,819865
th224,819866
th224,819867
th224,819868
th224,819869
th224,819870
th224,819871
th224,819872
th224,819873
th224,819874
th224,819876
th224,819877
th224,819878
th224,819879
th224,819880
th224,819881
th224,819882
th224,819883
th224,819884
th224,819885
th224,819886
th224,819887
th224,819888
th224,819889
th224,819890
th224,819891
th224,819892
th224,819893
th224,819894
th224,819895
th224,819896
th224,819897
th224,819898
th224,819899
th224,819900
th224,819901
th224,819902
th224,819903
th224,819904
th224,819905
th224,819906
th224,819907
th224,819909
th224,819910
th224,819911
th224,819913
th224,819914
th224,819915
th224,819916
th224,819917
th224,819918
th224,819919
th224,819921
th224,819922
th224,819923
th224,819924
th224,819925
th224,819926
th224,819927
th224,819928
th224,819929
th224,819930
th224,819931
th224,819932
th224,819933
th224,819934
th224,819935
th224,819936
th224,819937
th224,819938
th224,819939
th224,819940
th224,819941
th224,819942
th224,819943
th224,819944
th224,819945
th224,819946
th224,819947
th224,819948
th224,819949
th224,819950
th224,819951
th224,819953
th224,819954
th224,819955
th224,819956
th224,819958
th224,819959
th224,819960
th224,819961
th224,819962
th224,819963
th224,819964
th224,819965
th224,819966
th224,819967
th224,819968
th224,819969
th224,819970
th224,819971
th224,819972
th224,819973
th224,819974
th224,819975
th224,819976
th224,819977
th224,819978
th224,819979
th224,819980
th224,819981
th224,819982
th224,819983
th224,819984
th224,819985
th224,819986
th224,819987
th224,819988
th224,819989
th224,819990
th224,819991
th224,819992
th224,819993
th224,819994
th224,819995
th224,819996
th224,819997
th224,819998
th224,819999
th224,820000
th224,820001
th224,820002
th224,820004
th224,820006
th224,820007
th224,820008
th224,820009
th224,820010
th224,820012
th224,820013
th224,820014
th224,820015
th224,820016
th224,820017
th224,820018
th224,820019
th224,820020
th224,820022
th224,820023
th224,820024
th224,820025
th224,820026
th224,820027
th224,820028
th224,820029
th224,820030
th224,820031
th224,820032
th224,820033
th224,820034
th224,820035
th224,820036
th224,820037
th224,820038
th224,820039
th224,820040
th224,820041
th224,820042
th224,820043
th224,820044
th224,820045
th224,820046
th224,820047
th224,820048
th224,820049
th224,820050
th224,820051
th224,820052
th224,820053
th224,820054
th224,820055
th224,820056
th224,820057
th224,820058
th224,820059
th224,820060
th224,820061
th224,820062
th224,820063
th224,820064
th224,820065
th224,820066
th224,820067
th224,820068
th224,820069
th224,820070
th224,820071
th224,820072
th224,820073
th224,820074
th224,820075
th224,820076
th224,820077
th224,820078
th224,820080
th224,820081
th224,820082
th224,820083
th224,820084
th224,820085
th224,820086
th224,820087
th224,820088
th224,820089
th224,820090
th224,820091
th224,820092
th224,820094
th224,820095
th224,820096
th224,820097
th224,820098
th224,820099
th224,820100
th224,820101
th224,820102
th224,820103
th224,820104
th224,820105
th224,820106
th224,820107
th224,820108
th224,820109
th224,820110
th224,820111
th224,820112
th224,820113
th224,820114
th224,820115
th224,820116
th224,820117
th224,820118
th224,820119
th224,820120
th224,820121
th224,820122
th224,820123
th224,820125
th224,820126
th224,820127
th224,820128
th224,820130
th224,820131
th224,820132
th224,820133
th224,820134
th224,820135
th224,820136
th224,820137
th224,820139
th224,820140
th224,820142
th224,820143
th224,820145
th224,820147
th224,820148
th224,820150
th224,820152
th224,820153
th224,820154
th224,820156
th224,820157
th224,820158
th224,820160
th224,820161
th224,820162
th224,820163
th224,820164
th224,820165
th224,820166
th224,820167
th224,820168
th224,820169
th224,820170
th224,820171
th224,820172
th224,820173
th224,820174
th224,820175
th224,820176
th224,820177
th224,820179
th224,820180
th224,820181
th224,820182
th224,820183
th224,820184
th224,820185
th224,820186
th224,820187
th224,820188
th224,820189
th224,820191
th224,820193
th224,820194
th224,820195
th224,820196
th224,820197
th224,820198
th224,820199
th224,820200
th224,820201
th224,820202
th224,820203
th224,820204
th224,820205
th224,820206
th224,820207
th224,820208
th224,820210
th224,820211
th224,820213
th224,820214
th224,820215
th224,820216
th224,820217
th224,820218
th224,820219
th224,820220
th224,820221
th224,820222
th224,820223
th224,820224
th224,820225
th224,820226
th224,820227
th224,820228
th224,820229
th224,820230
th224,820231
th224,820232
th224,820233
th224,820234
th224,820235
th224,820236
th224,820237
th224,820238
th224,820239
th224,820240
th224,820241
th224,820242
th224,820243
th224,820244
th224,820245
th224,820246
th224,820247
th224,820248
th224,820249
th224,820250
th224,820251
th224,820252
th224,820253
th224,820254
th224,820255
th224,820256
th224,820257
th224,820258
th224,820259
th224,820260
th224,820261
th224,820262
th224,820263
th224,820264
th224,820265
th224,820266
th224,820267
th224,820268
th224,820269
th224,820270
th224,820271
th224,820272
th224,820273
th224,820274
th224,820275
th224,820276
th224,820277
th224,820278
th224,820279
th224,820280
th224,820281
th224,820282
th224,820283
th224,820284
th224,820285
th224,820286
th224,820287
th224,820288
th224,820289
th224,820290
th224,820291
th224,820292
th224,820293
th224,820294
th224,820295
th224,820296
th224,820297
th224,820298
th224,820299
th224,820300
th224,820301
th224,820302
th224,820303
th224,820304
th224,820305
th224,820306
th224,820307
th224,820308
th224,820309
th224,820310
th224,820311
th224,820312
th224,820313
th224,820314
th224,820315
th224,820316
th224,820317
th224,820318
th224,820319
th224,820320
th224,820321
th224,820322
th224,820323
th224,820324
th224,820325
th224,820326
th224,820327
th224,820328
th224,820329
th224,820330
th224,820331
th224,820332
th224,820333
th224,820334
th224,820335
th224,820336
th224,820337
th224,820338
th224,820339
th224,820340
th224,820341
th224,820342
th224,820343
th224,820344
th224,820345
th224,820346
th224,820347
th224,820348
th224,820349
th224,820350
th224,820351
th224,820352
th224,820353
th224,820354
th224,820355
th224,820356
th224,820357
th224,820358
th224,820359
th224,820360
th224,820361
th224,820362
th224,820363
th224,820364
th224,820365
th224,820366
th224,820367
th224,820368
th224,820369
th224,820370
th224,820371
th224,820372
th224,820373
th224,820374
th224,820375
th224,820376
th224,820377
th224,820378
th224,820379
th224,820380
th224,820381
th224,820382
th224,820383
th224,820384
th224,820385
th224,820386
th224,820387
th224,820388
th224,820389
th224,820390
th224,820391
th224,820392
th224,820393
th224,820394
th224,820395
th224,820396
th224,820397
th224,820398
th224,820399
th224,820400
th224,820401
th224,820402
th224,820403
th224,820404
th224,820405
th224,820406
th224,820407
th224,820408
th224,820409
th224,820410
th224,820411
th224,820412
th224,820413
th224,820414
th224,820415
th224,820416
th224,820417
th224,820418
th224,820419
th224,820420
th224,820421
th224,820422
th224,820423
th224,820424
th224,820425
th224,820426
th224,820427
th224,820428
th224,820429
th224,820430
th224,820431
th224,820432
th224,820433
th224,820434
th224,820435
th224,820436
th224,820437
th224,820438
th224,820439
th224,820440
th224,820441
th224,820442
th224,820443
th224,820444
th224,820445
th224,820446
th224,820447
th224,820448
th224,820449
th224,820450
th224,820451
th224,820452
th224,820453
th224,820454
th224,820455
th224,820456
th224,820457
th224,820458
th224,820459
th224,820460
th224,820461
th224,820462
th224,820463
th224,820464
th224,820465
th224,820466
th224,820467
th224,820468
th224,820469
th224,820470
th224,820471
th224,820472
th224,820473
th224,820474
th224,820475
th224,820476
th224,820477
th224,820478
th224,820479
th224,820480
th224,820481
th224,820482
th224,820483
th224,820484
th224,820485
th224,820486
th224,820487
th224,820488
th224,820489
th224,820490
th224,820491
th224,820492
th224,820493
th224,820494
th224,820495
th224,820496
th224,820497
th224,820498
th224,820499
th224,820500
th224,820501
th224,820502
th224,820503
th224,820504
th224,820505
th224,820506
th224,820507
th224,820508
th224,820509
th224,820510
th224,820511
th224,820512
th224,820513
th224,820514
th224,820515
th224,820516
th224,820517
th224,820518
th224,820519
th224,820520
th224,820521
th224,820522
th224,820523
th224,820524
th224,820525
th224,820526
th224,820527
th224,820528
th224,820529
th224,820530
th224,820531
th224,820532
th224,820533
th224,820534
th224,820535
th224,820536
th224,820537
th224,820538
th224,820539
th224,820540
th224,820541
th224,820542
th224,820543
th224,820544
th224,820545
th224,820546
th224,820547
th224,820548
th224,820549
th224,820550
th224,820551
th224,820552
th224,820553
th224,820554
th224,820555
th224,820556
th224,820557
th224,820558
th224,820559
th224,820560
th224,820561
th224,820562
th224,820563
th224,820564
th224,820565
th224,820566
th224,820567
th224,820568
th224,820569
th224,820570
th224,820571
th224,820572
th224,820573
th224,820574
th224,820575
th224,820576
th224,820577
th224,820578
th224,820579
th224,820580
th224,820581
th224,820582
th224,820583
th224,820584
th224,820585
th224,820586
th224,820587
th224,820588
th224,820589
th224,820590
th224,820591
th224,820592
th224,820593
th224,820594
th224,820595
th224,820596
th224,820598
th224,820599
th224,820600
th224,820601
th224,820602
th224,820603
th224,820604
th224,820605
th224,820606
th224,820607
th224,820608
th224,820609
th224,820610
th224,820611
th224,820612
th224,820613
th224,820614
th224,820615
th224,820616
th224,820617
th224,820618
th224,820619
th224,820620
th224,820621
th224,820622
th224,820623
th224,820624
th224,820625
th224,820626
th224,820627
th224,820628
th224,820629
th224,820630
th224,820631
th224,820632
th224,820633
th224,820634
th224,820635
th224,820636
th224,820637
th224,820638
th224,820639
th224,820640
th224,820641
th224,820642
th224,820643
th224,820644
th224,820645
th224,820646
th224,820647
th224,820648
th224,820649
th224,820650
th224,820651
th224,820652
th224,820653
th224,820654
th224,820655
th224,820656
th224,820657
th224,820658
th224,820659
th224,820660
th224,820661
th224,820662
th224,820663
th224,820664
th224,820665
th224,820666
th224,820667
th224,820668
th224,820669
th224,820670
th224,820671
th224,820672
th224,820673
th224,820674
th224,820675
th224,820676
th224,820677
th224,820678
th224,820679
th224,820680
th224,820681
th224,820682
th224,820683
th224,820684
th224,820685
th224,820686
th224,820687
th224,820688
th224,820690
th224,820691
th224,820692
th224,820693
th224,820694
th224,820695
th224,820696
th224,820697
th224,820698
th224,820699
th224,820700
th224,820701
th224,820702
th224,820703
th224,820704
th224,820705
th224,820706
th224,820707
th224,820708
th224,820709
th224,820710
th224,820711
th224,820712
th224,820713
th224,820714
th224,820715
th224,820716
th224,820717
th224,820718
th224,820719
th224,820720
th224,820721
th224,820722
th224,820723
th224,820724
th224,820725
th224,820726
th224,820727
th224,820728
th224,820729
th224,820730
th224,820731
th224,820732
th224,820733
th224,820734
th224,820735
th224,820736
th224,820737
th224,820738
th224,820739
th224,820740
th224,820741
th224,820742
th224,820743
th224,820744
th224,820745
th224,820746
th224,820747
th224,820748
th224,820749
th224,820750
th224,820751
th224,820752
th224,820753
th224,820754
th224,820755
th224,820756
th224,820757
th224,820758
th224,820759
th224,820760
th224,820761
th224,820762
th224,820763
th224,820764
th224,820765
th224,820766
th224,820767
th224,820768
th224,820769
th224,820770
th224,820771
th224,820772
th224,820773
th224,820774
th224,820775
th224,820776
th224,820777
th224,820778
th224,820779
th224,820780
th224,820781
th224,820782
th224,820783
th224,820784
th224,820785
th224,820786
th224,820787
th224,820788
th224,820789
th224,820790
th224,820791
th224,820792
th224,820793
th224,820794
th224,820795
th224,820796
th224,820797
th224,820798
th224,820799
th224,820800
th224,820801
th224,820802
th224,820803
th224,820804
th224,820805
th224,820806
th224,820807
th224,820808
th224,820809
th224,820810
th224,820811
th224,820812
th224,820813
th224,820814
th224,820815
th224,820817
th224,820818
th224,820819
th224,820820
th224,820821
th224,820823
th224,820824
th224,820825
th224,820826
th224,820827
th224,820828
th224,820829
th224,820830
th224,820831
th224,820832
th224,820833
th224,820834
th224,820835
th224,820836
th224,820837
th224,820839
th224,820840
th224,820841
th224,820842
th224,820843
th224,820844
th224,820845
th224,820846
th224,820847
th224,820848
th224,820850
th224,820851
th224,820852
th224,820853
th224,820854
th224,820855
th224,820856
th224,820857
th224,820858
th224,820859
th224,820860
th224,820861
th224,820862
th224,820863
th224,820864
th224,820865
th224,820866
th224,820867
th224,820868
th224,820869
th224,820870
th224,820871
th224,820872
th224,820873
th224,820874
th224,820875
th224,820876
th224,820877
th224,820878
th224,820879
th224,820880
th224,820881
th224,820882
th224,820883
th224,820884
th224,820885
th224,820886
th224,820887
th224,820888
th224,820889
th224,820890
th224,820891
th224,820892
th224,820893
th224,820894
th224,820895
th224,820896
th224,820897
th224,820898
th224,820899
th224,820900
th224,820901
th224,820902
th224,820903
th224,820904
th224,820905
th224,820906
th224,820907
th224,820908
th224,820909
th224,820910
th224,820911
th224,820912
th224,820913
th224,820914
th224,820915
th224,820916
th224,820917
th224,820918
th224,820919
th224,820920
th224,820921
th224,820922
th224,820923
th224,820924
th224,820925
th224,820926
th224,820927
th224,820928
th224,820929
th224,820930
th224,820931
th224,820932
th224,820933
th224,820934
th224,820935
th224,820936
th224,820937
th224,820938
th224,820939
th224,820940
th224,820941
th224,820942
th224,820943
th224,820944
th224,820945
th224,820946
th224,820947
th224,820948
th224,820949
th224,820950
th224,820951
th224,820952
th224,820953
th224,820954
th224,820955
th224,820956
th224,820957
th224,820958
th224,820959
th224,820960
th224,820961
th224,820962
th224,820963
th224,820964
th224,820965
th224,820966
th224,820967
th224,820968
th224,820969
th224,820970
th224,820971
th224,820972
th224,820974
th224,820975
th224,820976
th224,820977
th224,820978
th224,820979
th224,820980
th224,820981
th224,820982
th224,820983
th224,820984
th224,820985
th224,820986
th224,820987
th224,820988
th224,820989
th224,820990
th224,820991
th224,820992
th224,820993
th224,820994
th224,820995
th224,820996
th224,820997
th224,820998
th224,820999
th224,821000
th224,821001
th224,821002
th224,821003
th224,821004
th224,821005
th224,821006
th224,821007
th224,821008
th224,821009
th224,821010
th224,821011
th224,821012
th224,821013
th224,821014
th224,821015
th224,821016
th224,821017
th224,821018
th224,821019
th224,821020
th224,821021
th224,821022
th224,821023
th224,821024
th224,821025
th224,821026
th224,821027
th224,821028
th224,821029
th224,821030
th224,821031
th224,821032
th224,821033
th224,821034
th224,821035
th224,821036
th224,821037
th224,821038
th224,821039
th224,821040
th224,821041
th224,821042
th224,821043
th224,821044
th224,821045
th224,821046
th224,821047
th224,821048
th224,821049
th224,821050
th224,821051
th224,821052
th224,821053
th224,821054
th224,821055
th224,821056
th224,821057
th224,821058
th224,821059
th224,821060
th224,821061
th224,821062
th224,821063
th224,821064
th224,821065
th224,821066
th224,821067
th224,821068
th224,821069
th224,821070
th224,821071
th224,821072
th224,821073
th224,821074
th224,821075
th224,821076
th224,821077
th224,821078
th224,821079
th224,821080
th224,821081
th224,821082
th224,821083
th224,821084
th224,821085
th224,821086
th224,821087
th224,821088
th224,821089
th224,821090
th224,821091
th224,821092
th224,821093
th224,821094
th224,821095
th224,821096
th224,821097
th224,821098
th224,821099
th224,821100
th224,821101
th224,821102
th224,821103
th224,821104
th224,821105
th224,821106
th224,821107
th224,821108
th224,821109
th224,821110
th224,821111
th224,821112
th224,821113
th224,821114
th224,821115
th224,821116
th224,821117
th224,821118
th224,821119
th224,821120
th224,821121
th224,821122
th224,821123
th224,821124
th224,821125
th224,821155
th224,821156
th224,821161
th224,821171
