tenant,id
th214,6057
th214,5944
th214,6307
th214,6469
th214,6492
th214,6223
th214,6451
th214,6737
th214,6437
th214,6729
th214,6548
th214,5969
th214,6326
th214,6295
th214,6268
th214,6294
th214,6391
th214,6733
th214,6607
th214,6760
th214,6768
th214,6798
th214,6824
th214,5738
th214,5943
th214,6257
th214,6514
th214,5754
th214,6226
th214,6209
th214,6625
th214,6661
th214,6229
th214,6233
th214,6249
th214,6351
th214,6343
th214,6338
th214,6477
th214,6227
th214,6348
th214,6389
th214,6380
th224,5312
th224,5236
th224,5247
th224,5249
th224,5273
th224,5277
th224,5069
th224,5070
th224,5102
th224,5119
th224,5280
th224,5127
th224,5135
th224,5202
th224,5270
th224,5282
th224,5326
th224,5336
th224,5259
th224,5264
th224,5237
th224,5255
th224,5260
th224,5262
th224,5139
th224,5200
th224,5035
th224,5092
th224,5148
th224,5207
th224,5213
th224,5238
th224,5289
th224,5291
th224,5296
th224,5180
th224,5222
th224,5377
th224,5276
th224,5041
th224,5365
th224,5332
th224,5334
th224,5088
th224,5220
th224,5313
th224,5315
th224,5333
th224,5002
th224,5021
th224,5145
th224,5045
th224,5052
th224,5143
th224,5083
th224,5115
th224,5118
th224,5126
th224,5327
th224,5146
th224,5217
th224,5234
th224,5224
th224,5250
th224,5252
th224,5257
th224,5386
th224,5261
th224,5266
th224,5271
th224,5285
th224,5290
th224,5307
th224,5338
th224,5317
th224,5331
th224,5341
th224,5342
th224,5387
th224,5208
th224,5283
th224,5328
th224,5239
th224,5244
th224,5245
th224,5254
th224,5253
th224,5318
th224,5265
th224,5275
th224,5278
th224,5284
th224,5286
th224,5287
th224,5293
th224,5294
th224,5330
th224,5339
th224,5233
th224,5295
th224,5274
th224,5288
th224,5324
th224,5269
th224,5376
th224,5385
th224,5384
th435,4388